first_name,last_name,manager,source
Adam,Brege,"McIntyre,Kathryn E",ARRT
Glenn,Eikelboom,"McIntyre,Kathryn E",ARRT
Michael,Swerer-Shroll,"McIntyre,Kathryn E",ARRT
Erin,Snider,"McIntyre,Kathryn E",ARRT
Jennifer,Squires,"McIntyre,Kathryn E",ARRT
Meghan,Wolf,"McIntyre,Kathryn E",ARRT
Chelsea,Bockstanz,"McIntyre,Kathryn E",ARRT
David,Bautista,"McIntyre,Kathryn E",ARRT
Samantha,Rhoten,"McIntyre,Kathryn E",ARRT
Adam,Brege,"McIntyre,Kathryn E",ARRT
Sharon,Hamilton,"McIntyre,Kathryn E",ARRT
Amie,Cook,"McIntyre,Kathryn E",ARRT
Erica,Flickinger-Glieden,"McIntyre,Kathryn E",ARRT
Jamie,Bryant,"McIntyre,Kathryn E",ARRT
Jodi,Inman,"McIntyre,Kathryn E",ARRT
Christine,Dodd,"McIntyre,Kathryn E",ARRT
James,Mize,"McIntyre,Kathryn E",ARRT
Cameron,Vander Stel,"McIntyre,Kathryn E",ARRT
Janet,Stahl,"McIntyre,Kathryn E",ARRT
Courtney,Waterloo,"McIntyre,Kathryn E",ARRT
Angela,Spears,"McIntyre,Kathryn E",ARRT
Peter,Sagmoe,"McIntyre,Kathryn E",ARRT
Lexington,Mardeusz,"McIntyre,Kathryn E",ARRT
John,Wiese,"McIntyre,Kathryn E",ARRT
Ava,Anglin,"McIntyre,Kathryn E",ARRT
Haylee,Orns,"McIntyre,Kathryn E",ARRT
Jaynie,Mueller,"McIntyre,Kathryn E",ARRT
Jeramy,Robertson,"McIntyre,Kathryn E",ARRT
Paul,Dziepak,"McIntyre,Kathryn E",ARRT
Benjamin,Harper,"McIntyre,Kathryn E",ARRT
Zachary,Little,"McIntyre,Kathryn E",ARRT
Wendi,Wahl,"McIntyre,Kathryn E",ARRT
Kelsey,Westworth,"McIntyre,Kathryn E",ARRT
Jessica,Feltner,"McIntyre,Kathryn E",ARRT
Samantha,Cahoon,"McIntyre,Kathryn E",ARRT
Tamara,Smith,"McIntyre,Kathryn E",ARRT
Absak-Cer-Chin,Sang,"McIntyre,Kathryn E",ARRT
Lynett,Wilson,"McIntyre,Kathryn E",ARRT
Kelly,Schanz,"McIntyre,Kathryn E",ARRT
Vince,Bennett,"McIntyre,Kathryn E",ARRT
Cheyenne,Stiles,"McIntyre,Kathryn E",ARRT
Andrew,Cybulski,"McIntyre,Kathryn E",ARRT
Shannon,Kotrba,"McIntyre,Kathryn E",ARRT
Kristen,Klinger,"McIntyre,Kathryn E",ARRT
Delaney,Sabel,"McIntyre,Kathryn E",ARRT
Adam,Doorlag,"McIntyre,Kathryn E",ARRT
Mikayla,Bryant,"McIntyre,Kathryn E",ARRT
Julia,Harris,"McIntyre,Kathryn E",ARRT
Jennifer,Lipps,"McIntyre,Kathryn E",ARRT
Scott,McDonald,"McIntyre,Kathryn E",ARRT
Matthew,Patton,"McIntyre,Kathryn E",ARRT
Bailey,Paddock,"McIntyre,Kathryn E",ARRT
Hana,VanOsdol,"McIntyre,Kathryn E",ARRT
Kayla,Hayward,"McIntyre,Kathryn E",ARRT
Kimberlee,Rolon,"McIntyre,Kathryn E",ARRT
Cheri,Hulce,"McIntyre,Kathryn E",ARRT
Darcia,Artz,"McIntyre,Kathryn E",ARRT
Jonathan,Wells,"Gjeltema,Kimberly K",ARRT
Carrie,Wilson,"Gjeltema,Kimberly K",ARRT
Josilyn,Brown,"Gjeltema,Kimberly K",ARRT
Jennifer,Barts,"Gjeltema,Kimberly K",ARRT
Christopher,Gallagher,"Gjeltema,Kimberly K",ARRT
Angela,Janssen,"Gjeltema,Kimberly K",ARRT
Emily,Bigda,"Gjeltema,Kimberly K",ARRT
Victor,Agnone,"Gjeltema,Kimberly K",ARRT
Alicia,Kalas,"Gjeltema,Kimberly K",ARRT
Rachel,Dougherty,"Gjeltema,Kimberly K",ARRT
Kenneth,Williams,"Gjeltema,Kimberly K",ARRT
Kristie,Budd,"Gjeltema,Kimberly K",ARRT
Poppaea,Ramey,"Gjeltema,Kimberly K",ARRT
Noelle,Smith,"Gjeltema,Kimberly K",ARRT
Paul,Lambrix,"Gjeltema,Kimberly K",ARRT
Gregory,Ramey,"Davison,Christianna E",ARRT
Macee,Morey,"Davison,Christianna E",ARRT
Denise,Dennis,"Davison,Christianna E",ARRT
Dominique,Johnston,"Davison,Christianna E",ARRT
Heather,Ogden,"Davison,Christianna E",ARRT
Suzanne,Evans,"Davison,Christianna E",ARRT
Mary Beth,Kelly,"Davison,Christianna E",ARRT
Stephanie,Vaughn,"Davison,Christianna E",ARRT
Krystal,Fischer,"Davison,Christianna E",ARRT
Rebecca,Gawkowski,"Davison,Christianna E",ARRT
Ami,Salisbury,"Davison,Christianna E",ARRT
Erin,Murray,"Hemenway,Bryan A",ARRT
David,Barrett,"Hemenway,Bryan A",ARRT
John,Gustafson,"Hemenway,Bryan A",ARRT
Chris,Hilton,"Hemenway,Bryan A",ARRT
Christina,Busick,"Hemenway,Bryan A",ARRT
Joshua,Worden,"Hemenway,Bryan A",ARRT
Lawrence,Masarira,"Blomeling, Tonya",ARRT
Madison,Brink,"Blomeling, Tonya",ARRT
Natalie,Juarez,"Blomeling, Tonya",ARRT
Darren,Covell,"Blomeling, Tonya",ARRT
Molly,Gorniewicz,"Blomeling, Tonya",ARRT
Sharon,French,"Blomeling, Tonya",ARRT
Holly,Barner,"Hemenway,Bryan A",ARRT
Sierra,Schut,"Blomeling, Tonya",ARRT
Laurie,MacRitchie,"Blomeling, Tonya",ARRT
Tyler,Smith,"Blomeling, Tonya",ARRT
Robert,Guise,"Blomeling, Tonya",ARRT
Kayla,Broker,"Hemenway,Bryan A",ARRT
Kimberly,Pavlack,"McIntyre,Kathryn E",ARDMS
Jenna,McDonald,"McIntyre,Kathryn E",ARDMS
Jill,Wright,"McIntyre,Kathryn E",ARDMS
Danielle,Lewis,"Davison,Christianna E",ARDMS
Katelyn,Yacks,"Davison,Christianna E",ARDMS
Steffane,Hogg,"Davison,Christianna E",ARDMS
Stephanie,Green,"Davison,Christianna E",ARDMS
Amanda,Engle,"Davison,Christianna E",ARDMS
Andrea,Gritter,"Davison,Christianna E",ARDMS
Nathalia,Bautista,"Davison,Christianna E",ARDMS
Ariana,Salinas,"Davison,Christianna E",ARDMS
Sarah,Maletta,"Davison,Christianna E",ARDMS
Kelli,Jenks,"Davison,Christianna E",ARDMS
Theresa,Ku,"Davison,Christianna E",ARDMS
Megan,Danielson,"Davison,Christianna E",ARDMS
Megan,Danielson,"Davison,Christianna E",ARDMS
Sarah,Maletta,"Davison,Christianna E",ARDMS
Terra,Prough,"Davison,Christianna E",ARDMS
Hana,Zinn,"Davison,Christianna E",ARDMS
Shaun,Trumble,"Davison,Christianna E",ARDMS
Kristen,Simmons,"Davison,Christianna E",ARDMS
Hayli,Haller,"Davison,Christianna E",ARDMS
Billi,Nelson,"Davison,Christianna E",ARDMS
Roberta,Kelly,"Hemenway,Bryan A",ARDMS
Amanda,VanHusan,"Hemenway,Bryan A",ARDMS
Madalynn,Frank,"Blomeling, Tonya",ARDMS
Isabel,Calderon,"Blomeling, Tonya",ARDMS
Jennifer,Huige,"Blomeling, Tonya",ARDMS
Jordyn,Hoffmaster,"Blomeling, Tonya",ARDMS
Rebecca,Heffner,"Blomeling, Tonya",ARDMS
Amber,Jung,"Davison,Christianna E",ARDMS
Jodie,Corliss,"Davison,Christianna E",ARDMS
Kristy,Kamar,"Davison,Christianna E",NMTCB
Kayleigh,Jackson,"Davison,Christianna E",NMTCB
Heidi,Miller,"Davison,Christianna E",NMTCB
Mandy,Zwierzchowski,"Davison,Christianna E",NMTCB
Kathryn,Cell,Kimblery Gjeltema,MI_LARA
Roanld,Elkin,Kimblery Gjeltema,MI_LARA
Trisha,Fisher,Kimblery Gjeltema,MI_LARA
Faith,Hansen,Kimblery Gjeltema,MI_LARA
Duane,Keltsh,Kimblery Gjeltema,MI_LARA
John,Schulze,Kimblery Gjeltema,MI_LARA
Alexandria,Truax,Christianna Davison,MI_LARA
Michelle,Burgdorf,Christianna Davison,MI_LARA
Lawrence,Pickard,Christianna Davison,MI_LARA
Reace,Hammel,Christianna Davison,MI_LARA
Brieann,Ramero,Christianna Davison,MI_LARA
Jenna,Norman,Christianna Davison,MI_LARA
Kaci,Root,Christianna Davison,MI_LARA
Tatyanna,Rosa,Christianna Davison,MI_LARA
Lisa,Schering,Christianna Davison,MI_LARA
Aydda,Aguillar,Christianna Davison,MI_LARA
Dawn,Vadan,Christianna Davison,MI_LARA
